Time,API Key Name,Model,Reasoning Effort,Inbound Endpoint,IP Address,Type,Billing Mode,Input Tokens,Output Tokens,Cache Read Tokens,Cache Creation Tokens,Rate Multiplier,Billed Cost,Original Cost,F[...]
2026-09-10T22:49:58.043292+08:00,mm,deepseek-v4.1-flash-0910,"'-",/v1/chat/completions,2400:2410:8781:4f00:****:****:****:****,Stream,按量,272151,176,0,0,0.1,0.05457100,0.54571000,7226,7449
2026-09-10T22:49:42.764647+08:00,mm,deepseek-v4.1-flash-0910,"'-",/v1/chat/completions,2400:2410:8781:4f00:****:****:****:****,Stream,按量,252161,357,19584,0,0.1,0.05079614,0.50796136,11066,12179
2026-09-10T22:49:26.798611+08:00,mm,deepseek-v4.1-flash-0910,"'-",/v1/chat/completions,2400:2410:8781:4f00:****:****:****:****,Stream,按量,271536,166,0,0,0.1,0.05444000,0.54440000,7531,8097
2026-09-10T22:49:15.976329+08:00,mm,deepseek-v4.1-flash-0910,"'-",/v1/chat/completions,2400:2410:8781:4f00:****:****:****:****,Stream,按量,1143,1304,269056,0,0.1,0.00234802,0.02348024,5200,10029
2026-09-10T22:49:02.113151+08:00,mm,deepseek-v4.1-flash-0910,"'-",/v1/chat/completions,2400:2410:8781:4f00:****:****:****:****,Stream,按量,249753,329,19584,0,0.1,0.05029214,0.50292136,7823,8544
2026-09-10T22:48:49.562348+08:00,mm,deepseek-v4.1-flash-0910,"'-",/v1/chat/completions,2400:2410:8781:4f00:****:****:****:****,Stream,按量,249434,145,19584,0,0.1,0.05008114,0.50081136,6907,7617
2026-09-10T22:46:17.486142+08:00,mm,deepseek-v4.1-flash-0910,"'-",/v1/chat/completions,240d:1a:9fa:1500:****:****:****:****,Stream,按量,8902,131,170624,0,0.1,0.00256770,0.02567696,4372,4944
2026-09-10T22:41:33.426073+08:00,mm,deepseek-v4.1-flash-0910,"'-",/v1/chat/completions,2400:2410:8781:4f00:****:****:****:****,Stream,按量,1239,349,177920,0,0.1,0.00123868,0.01238680,4251,5689
2026-09-10T22:40:50.554306+08:00,mm,deepseek-v4.1-flash-0910,"'-",/v1/chat/completions,2400:2410:8781:4f00:****:****:****:****,Stream,按量,178439,685,0,0,0.1,0.03623580,0.36235800,6298,9867
2026-09-10T22:40:33.225471+08:00,mm,deepseek-v4.1-flash-0910,"'-",/v1/chat/completions,2400:2410:8781:4f00:****:****:****:****,Stream,按量,178038,261,0,0,0.1,0.03581640,0.35816400,15699,16611
2026-09-10T22:39:57.219221+08:00,mm,deepseek-v4.1-flash-0910,"'-",/v1/chat/completions,2400:2410:8781:4f00:****:****:****:****,Stream,按量,730,242,177024,0,0.1,0.00104770,0.01047696,3620,5523
2026-09-10T22:39:37.188094+08:00,mm,deepseek-v4.1-flash-0910,"'-",/v1/chat/completions,2400:2410:8781:4f00:****:****:****:****,Stream,按量,177303,399,0,0,0.1,0.03577980,0.35779800,6057,7105
2026-09-10T22:34:18.975128+08:00,mm,deepseek-v4.1-flash-0910,"'-",/v1/chat/completions,2400:2410:8781:4f00:****:****:****:****,Stream,按量,177109,176,0,0,0.1,0.03556260,0.35562600,5916,6149
2026-09-10T22:33:32.890318+08:00,mm,deepseek-v4.1-flash-0910,"'-",/v1/chat/completions,2400:2410:8781:4f00:****:****:****:****,Stream,按量,176702,358,0,0,0.1,0.03562680,0.35626800,6311,7308
2026-09-10T22:33:22.755152+08:00,mm,deepseek-v4.1-flash-0910,"'-",/v1/chat/completions,2400:2410:8781:4f00:****:****:****:****,Stream,按量,176420,158,0,0,0.1,0.03541040,0.35410400,7789,8338
2026-09-10T22:33:12.083154+08:00,mm,deepseek-v4.1-flash-0910,"'-",/v1/chat/completions,2400:2410:8781:4f00:****:****:****:****,Stream,按量,175987,341,0,0,0.1,0.03547020,0.35470200,5967,7364
2026-09-10T22:33:01.734625+08:00,mm,deepseek-v4.1-flash-0910,"'-",/v1/chat/completions,2400:2410:8781:4f00:****:****:****:****,Stream,按量,174226,1570,0,0,0.1,0.03610120,0.36101200,6084,10360
2026-09-10T22:32:48.96818+08:00,mm,deepseek-v4.1-flash-0910,"'-",/v1/chat/completions,2400:2410:8781:4f00:****:****:****:****,Stream,按量,173553,97,0,0,0.1,0.03478820,0.34788200,17492,17715
2026-09-10T22:32:28.70997+08:00,mm,deepseek-v4.1-flash-0910,"'-",/v1/chat/completions,2400:2410:8781:4f00:****:****:****:****,Stream,按量,170720,69,0,0,0.1,0.03419920,0.34199200,4628,4843
2026-09-10T22:32:21.34329+08:00,mm,deepseek-v4.1-flash-0910,"'-",/v1/chat/completions,2400:2410:8781:4f00:****:****:****:****,Stream,按量,167469,3208,0,0,0.1,0.03606020,0.36060200,5898,14234
2026-09-10T22:32:08.810338+08:00,mm,deepseek-v4.1-flash-0910,"'-",/v1/chat/completions,2400:2410:8781:4f00:****:****:****:****,Stream,按量,167469,3534,0,0,0.1,0.03632100,0.36321000,6677,16244
2026-09-10T22:31:49.943554+08:00,mm,deepseek-v4.1-flash-0910,"'-",/v1/chat/completions,2400:2410:8781:4f00:****:****:****:****,Stream,按量,166270,1158,0,0,0.1,0.03418040,0.34180400,8940,12108
2026-09-10T22:31:34.985696+08:00,mm,deepseek-v4.1-flash-0910,"'-",/v1/chat/completions,2400:2410:8781:4f00:****:****:****:****,Stream,按量,165002,1227,0,0,0.1,0.03398200,0.33982000,5517,9267
2026-09-10T22:31:23.094719+08:00,mm,deepseek-v4.1-flash-0910,"'-",/v1/chat/completions,2400:2410:8781:4f00:****:****:****:****,Stream,按量,162463,85,0,0,0.1,0.03256060,0.32560600,5998,6438
2026-09-10T22:30:21.382962+08:00,mm,deepseek-v4.1-flash-0910,"'-",/v1/chat/completions,2400:2410:8781:4f00:****:****:****:****,Stream,按量,74230,2970,0,0,0.1,0.01722200,0.17222000,3822,15845
2026-09-10T22:30:11.885739+08:00,mm,deepseek-v4.1-flash-0910,"'-",/v1/chat/completions,2400:2410:8781:4f00:****:****:****:****,Stream,按量,79077,2093,0,0,0.1,0.01748980,0.17489800,5508,13806
2026-09-10T22:26:58.898604+08:00,mm,deepseek-v4.1-flash-0910,"'-",/v1/chat/completions,2400:2410:8781:4f00:****:****:****:****,Stream,按量,25,21,0,0,0.1,0.00002180,0.00021800,1594,1812
